Crop-wise Nutrient Summary,,,,,,,,,,,
Crop,Sample Count,ph (avg),ph deficiency %,organicCarbon (avg),organicCarbon deficiency %,nitrogen (avg),nitrogen deficiency %,phosphorus (avg),phosphorus deficiency %,potassium (avg),potassium deficiency %
Cotton,17,6.70,52.94%,0.58,41.18%,463.41,11.76%,20.35,23.53%,342.24,0.00%
Groundnut,8,6.90,50.00%,0.63,37.50%,383.13,37.50%,26.50,12.50%,225.38,37.50%
Maize,15,6.84,33.33%,0.82,20.00%,401.27,13.33%,30.67,6.67%,278.27,13.33%
Ragi,9,6.53,44.44%,0.68,55.56%,534.33,11.11%,25.67,22.22%,275.78,22.22%
Rice,9,6.93,33.33%,0.63,22.22%,351.00,44.44%,20.56,22.22%,236.56,11.11%
Sugarcane,13,6.77,46.15%,0.73,38.46%,384.62,38.46%,24.92,15.38%,222.92,7.69%
Tomato,14,6.80,50.00%,0.80,14.29%,500.07,14.29%,23.36,28.57%,230.14,7.14%
Wheat,15,6.67,33.33%,0.71,33.33%,370.00,46.67%,25.33,20.00%,215.27,26.67%

